,Kode_Bahan,Nama_Bahan,Spesies,Genus,Famili
,AR001,"Beras giling, mentah",Oryza sativa,Oryza,Graminae
,AR002,"Beras giling var pelita, mentah",Oryza sativa,Oryza,Graminae
,AR003,"Beras giling var rojolele, mentah",Oryza sativa,Oryza,Graminae
,AR004,"Beras hitam, mentah",Oryza sativa,Oryza,Graminae
,AR005,"Beras jagung kuning, kering, mentah",Zea mays,Zea,Graminae
,AR006,"Beras jagung putih, kering, mentah",Zea mays,Zea,Graminae
,AR007,"Beras ketan hitam tumbuk, mentah",Oryza sativa var. glutinosa,Oryza,Graminae
,AR008,"Beras ketan putih tumbuk, mentah",Oryza sativa var. glutinosa,Oryza,Graminae
,AR009,"Beras ladang, mentah",Oryza sativa,Oryza,Graminae
,AR010,"Beras menir, mentah",Oryza sativa,Oryza,Graminae
,AR011,Beras parboiled,Oryza sativa,Oryza,Graminae
,AR012,"Beras tumbuk, mentah",Oryza sativa,Oryza,Graminae
,AR013,"Beras tumbuk merah, mentah",Oryza sativa,Oryza,Graminae
,AR014,"Cantel, mentah",Sorghum bicolor,Sorghum,Graminae
,AR015,"Jagung muda, kuning, mentah",Zea mays,Zea,Graminae
,AR016,"Jagung kuning pipil, kering, mentah",Zea mays,Zea,Graminae
,AR017,"Jagung pipil var. harapan, kering",Zea mays,Zea,Graminae
,AR018,"Jagung pipil var. metro, kering",Zea mays,Zea,Graminae
,AR019,"Jali, mentah",Coix lacryma-jobi,Coix,Graminae
,AR020,"Jawawut, mentah",Setaria italica cv. group Foxtail Millet,Setaria,Graminae
,AR021,"Jampang huma, mentah",Eleusine indica,Eleusine,Graminae
,BR001,"Arrowroot, segar",Maranta arundinacea,Maranta,Marantaceae
,BR002,"Batatas gembili, segar",Dioscorea esculenta,Dioscorea,Dioscoreaceae
,BR003,"Batatas kelapa, ubi, segar",,,
,BR004,"Belitung, talas, segar",Xanthosoma sagittifolium,Xanthosoma,Araceae
,BR005,"Bengkuang, segar",Pachyrrhizus erosus,Pachyrrhizus,Leguminosae
,BR006,"Bentul (Komba), talas, segar",Colocasia esculenta,Colocasia,Araceae
,BR007,"Gadeng/Gadung, kering",Dioscorea hispida,Dioscorea,Dioscoreaceae
,BR008,"Gadung, ubi, segar",Dioscorea hispida,Dioscorea,Dioscoreaceae
,BR009,"Ganyong, segar",Canna edulis,Canna,Cannaceae
,BR010,"Gembili, ubi, segar",Dioscorea esculenta,Dioscorea,Dioscoreaceae
,BR011,"Hofa/Ubi hutan, segar",,,
,BR012,"Kaburan, ubi, segar",Dioscorea esculenta,Dioscorea,Dioscoreaceae
,BR013,"Kentang, segar",Solanum tuberosum,Solanum,Solanaceae
,BR014,"Kentang hitam, segar",Plectranthus rotundifolius,Plectranthus,Labiatae/ Lamiaceae
,BR015,"Keribang, ubi, segar",,,
,BR016,"Ketela pohon/ singkong, segar",Manihot esculenta,Manihot,Euphorbiaceae
,BR017,Lepok/Ubi rumput,,,
,BR018,"Sagu aren, kering",Arenga pinnata,Arenga,Arecaceae
,BR019,"Sagu aren, segar",Arenga pinnata,Arenga,Arecaceae
,BR020,Sagu kasbi segar,Manihot esculenta,Manihot,Euphorbiaceae
,BR021,Sagu lempeng,Metroxylon sagu,Metroxylon,Arecaceae
,BR022,"Sagu singkong, kering",Manihot esculenta,Manihot,Euphorbiaceae
,BR023,"Sente, talas, segar",Alocasia macrorrhiza,Alocasia,Araceae
,BR024,"Suweg, talas, segar",Amorphophallus paeoniifolius,Amorphophallus,Araceae
,BR025,"Talas bogor, segar",Colocasia esculenta,Colocasia,Araceae
,BR026,"Talas pontianak, segar",Colocasia esculenta,Colocasia,Araceae
,BR027,"Talas viqueque, segar",,,
,BR028,"Ubi jalar, kuning, segar",Ipomoea batatas,Ipomoea,Convolvulaceae
,BR029,"Ubi jalar manis, segar",Ipomoea batatas,Ipomoea,Convolvulaceae
,BR030,"Ubi jalar merah, segar",Ipomoea batatas,Ipomoea,Convolvulaceae
,BR031,"Ubi jalar putih, segar",Ipomoea batatas,Ipomoea,Convolvulaceae
,BR032,Ubi jalar tinta/ kemayung,,,
,BR033,"Umbi Uwi, segar",,,
,CR001,"Kacang arab, segar",Cicer arietinum,Cicer,Leguminosae
,CR002,"Kacang babi, kering",Vicia vaba,Vicia,Leguminosae
,CR003,"Kacang belimbing (kecipir), kering",Psophocarpus tetragonolobus,Psophocarpus,Leguminosae
,CR004,"Kacang beracun, segar",,,
,CR005,"Kacang bogor, kering",Vigna subterranea,Vigna,Leguminosae
,CR006,"Kacang bogor, segar",Vigna subterranea,Vigna,Leguminosae
,CR007,"Kacang endel, biji, kering",Phaseolus calcarus,Phaseolus,Leguminosae
,CR008,"Kacang ercis, segar",Pisum sativum,Pisum,Leguminosae
,CR009,"kacang galing, segar",,,
,CR010,"Kacang gude, biji, kering",Cajanus cajan,Cajanus,Leguminosae
,CR011,"Kacang gude, biji, segar",Cajanus cajan,Cajanus,Leguminosae
,CR012,"Kacang hijau var. bakti, kering",Vigna radiata,Vigna,Leguminosae
,CR013,"Kacang hijau var. siwalik, kering",Vigna radiata,Vigna,Leguminosae
,CR014,"Kacang hijau, kering",Vigna radiata,Vigna,Leguminosae
,CR015,"Kacang hitam, kering",Phaseolus vulgaris 'Black Turtle,Phaseolus,Leguminosae
,CR016,"Kacang kapri, segar",Pisum sativum,Pisum,Leguminosae
,CR017,"Kacang kedelai, kering",Glycine max,Glycine,Leguminosae
,CR018,"Kacang kedelai, segar",Glycine max,Glycine,Leguminosae
,CR019,"Kacang kincai, kering",,,
,CR020,"Kacang komak, segar",Lablab purpureus,Lablab,Leguminosae
,CR021,"Kacang kuning, kering",Glycine max,Glycine,Leguminosae
,CR022,"Kacang lebui /iris, kering",Cajanus cajan,Cajanus,Leguminosae
,CR023,"Kacang mentega, kering",Bunchosia armeniaca,Bunchosia,Malpighiaceae
,CR024,"Kacang merah /banda, kering",Phaseolus vulgaris,Phaseolus,Leguminosae
,CR025,"Kacang merah tua, kering",Phaseolus vulgaris,Phaseolus,Leguminosae
,CR026,"Kacang merah, kering",Phaseolus vulgaris,Phaseolus,Leguminosae
,CR027,"Kacang merah, segar",Phaseolus vulgaris,Phaseolus,Leguminosae
,CR028,"Kacang mete/biji jambu monyet, segar",Anacardium occidentale,Anacardium,Anacardiaceae
,CR029,"Kacang panjang, biji, kering",Vigna unguiculata cv. group Sesquipedalis,vigna unguiculata,Leguminosae
,CR030,Kacang tanah sangan,Arachis hypogaea,Arachis,Leguminosae
,CR031,Kacang tanah sangan tanpa selaput,Arachis hypogaea,Arachis,Leguminosae
,CR032,"Kacang tanah, kering",Arachis hypogaea,Arachis,Leguminosae
,CR033,"Kacang tolo / tunggak, kering",Vigna unguiculata,Vigna,Leguminosae
,CR034,"Kacang tunis, kering",Cajanus cajan,Cajanus,Leguminosae
,CR035,"Kacang uci, kering",Vigna umbellata,Vigna,Leguminosae
,CR036,"Kacang urei, kering",Vigna umbellata,Vigna,Leguminosae
,CR037,"Kenari banda, kering",Canarium communie,Canarium,Burseraceae
,CR038,"Kenari, kering",Canarium vulgare,Canarium,Burseraceae
,CR039,"Komak polong, segar",Lablab purpureus,Lablab,Leguminosae
,CR040,"Koro andong, kering",Canavalia ensiformis,Canavalia,Leguminosae
,CR041,"Koro benguk, biji, kering",Mucuna pruriens,Mucuna,Leguminosae
,CR042,"Koro kerupuk, biji, segar",Lablab purpureus,Lablab,Leguminosae
,CR043,"Koro loke, biji, segar",,,
,CR044,"Koro roay, kering",Phaseolus lunatus,Phaseolus,Leguminosae
,CR045,"Koro wedus, biji, kering",Lablab purpureus,Mucuna/Lablab,Leguminosae
,CR046,"Lamtoro biji, muda, segar",Leucaena leucocephala,Leucaena,Leguminosae
,CR047,"Lamtoro biji, tua, segar",Leucaena leucocephala,Leucaena,Leguminosae
,CR048,Lamtoro var. gung tanpa kulit,Leucaena leucocephala,Leucaena,Leguminosae
,CR049,Lamtoro var. lokal dengan kulit,Leucaena leucocephala,Leucaena,Leguminosae
,CR050,"Nangka, biji, segar",Artocarpus heterophyllus,Artocarpus,Moraceae
,CR051,"Saga merah terkupas, mentah",Adenanthera pavonina,Adenanthera,Leguminosae
,CR052,"Wijen, mentah",Sesamum orientale,Sesamum,Pedaliaceae
,DR001,"Akar tonjong, segar",Nelumbo nucifera,Nelumbo,Nelumbonaceae
,DR002,"Ale, toge, segar",Acacia leucophloea,,
,DR003,"Andaliman, segar",Zanthoxylum acanthopodium,Zanthoxylum,Rutaceae
,DR004,"Andewi, segar",Cichorium endivia,Cichorium,Compositae
,DR005,"Bakung, segar",Allium fistulosum,Allium,Amaryllidaceae
,DR006,"Baligo, segar",Benincasa pruriens forma hispida,Benincasa,Cucurbitaceae
,DR007,"Bawang bombay, segar",Allium cepa cv. Group Common Onion,Allium,Amaryllidaceae
,DR008,"Bayam, segar",Amaranthus tricolor,Amaranthus,Amaranthaceae
,DR009,"Bayam merah, segar",Amaranthus tricolor,Amaranthus,Amaranthaceae
,DR010,"Bit, segar",Beta vulgaris,Beta,Amarantaceae
,DR011,Buah kelor,Moringa oleifera,Moringa,Moringaceae
,DR012,Buah merah,Pandanus conoideus,Pandanus,Pandanaceae
,DR013,"Buncis, segar",Phaseolus vulgaris,Phaseolus,Leguminosae
,DR014,"Bunga pepaya, segar",Carica papaya,Carica,Caricaceae
,DR015,"Bunga turi, segar",Sesbania grandiflora,Sesbania,Fabaceae
,DR016,"Caisin, segar",Brassica rapa cv. group Caisin,Brassica,Cruciferae
,DR017,"Daun bangun-bangun, segar",Plectranthus amboinicus,Plectranthus,Lamiaceae
,DR018,"Daun bawang merah, segar",Allium cepa,Allium,Amaryllidaceae
,DR019,"Daun bebuas, segar",Premna feotida,Premna,Lamiaceae
,DR020,"Daun belem, segar",,,
,DR021,"Daun bluntas, segar",Pluchia indica,Pluchia,Compositae
,DR022,"Daun gandaria, segar",Bouea macrophyla,Bouea,Anacardiaceae
,DR023,"Daun gedi besar, segar",Abelmoschus manihot,Abelmoschus,Malvaceae
,DR024,"Daun gedi kecil, segar",Abelmoschus manihot,Abelmoschus,Malvaceae
,DR025,"Daun gelang, segar",Portulaca oleracea,Portulaca,Portulacaceae
,DR026,"Daun gunda bali, segar",Sphenoclea zeylanica,Sphenoclea,Sphenocleaceae
,DR027,"Daun gunda serang, segar",Sphenoclea zeylanica,Spenoclea,Sphenocleaceae
,DR028,"Daun jambu mete muda, segar",Anacardium occidentale,Anacardium,Anacardiaceae
,DR029,"Daun jampang, segar",,,
,DR030,"Daun jawaw seluang, segar",,,
,DR031,"Daun jonghe, segar",Emilia sonchifolia,Emilia,Compositae
,DR032,"Daun kacang ma, segar",,,
,DR033,"Daun kacang panjang, segar","Vigna unguiculata cv. Group
Sesquipedalis",Vigna,Leguminosae
,DR034,"Daun kasbi/singkong karet, segar",Manihot esculenta,Manihot,Euphorbiaceae
,DR035,"Daun katuk, segar",Sauropus androgynus,Sauropus,Phyllanthaceae
,DR036,"Daun kecipir, segar",Psophocarpus tetragonolobus,Psophocarpus,Leguminosae
,DR037,"Daun kedondong, segar",Spondias cytherea,Spondias,Anacardiaceae
,DR038,"Daun kelor, segar",Moringa oleifera,Moringa,Moringaceae
,DR039,"Daun kemang, segar",Mangifera kemanga,Mangifera,Anacardiaceae
,DR040,"Daun kenikir, segar",Cosmos caudatus,Cosmos,Compositae
,DR041,"Daun kesum, segar",Allium sativum,Allium,Amaryllidaceae
,DR042,"Daun kol sawi, segar",Brassica juncea,Brassica,Cruciferae
,DR043,"Daun koro, segar",,,
,DR044,"Daun kubis, segar",Brassica oleracea cv. groups White Headed Cabbage,Brassica,Cruciferae
,DR045,"Daun kumak, segar",Lablab purpureus,Lablab,Leguminosae
,DR046,"Daun labu siam, segar",Sechium edule,Sechium,Cucurbitaceae
,DR047,"Daun labu waluh/kuning, segar",Cucurbita moschata,Cucurbita,Cucurbitaceae
,DR048,"Daun lamtoro, segar",Leucaena leucocephala,Leucaena,Leguminosae
,DR049,"Daun leilem, segar",Clerodendrum minahassae,Clerodendrum,Lamiaceae
,DR050,"Daun leunca, segar",Solanum americanum,Solanum,Solanaceae
,DR051,"Daun lobak, segar",Raphanus raphanistrum subsp. sativus,Raphanus,Cruciferae
,DR052,"Daun lompong talas, segar",Colocasia esculenta,Colocasia,Araceae
,DR053,"Daun mangkokan, segar",Polyscias scutellaria,Nothopanax,Araliaceae
,DR054,"Daun matel ambon, segar",,,
,DR055,"Daun melinjo, segar",Gnetum gnemon,Gnetum,Gnetaceae
,DR056,"Daun mengkudu, segar",Morinda citrifolia,Morinda,Rubiaceae
,DR057,"Daun ndusuk, segar",,,
,DR058,"Daun oyong, segar",Luffa acutangula,Luffa,Cucurbitaceae
,DR059,"Daun pakis, segar",Diplazium sp.,Diplazium,Athyriaceae
,DR060,"Daun pakis longgiho, segar",Diplazium sp.,Diplazium,Athyriaceae
,DR061,"Daun pakis wambateu, segar",Diplazium sp.,Diplazium,Athyriaceae
,DR062,"Daun paku, segar",Diplazium sp.,Diplazium,Athyriaceae
,DR063,"Daun pangi, segar",Pangium edule,Pangium,Achariaceae
,DR064,"Daun pare, segar",Momordica charantia,Momordica,Cucurbitaceae
,DR065,"Daun pepaya, segar",Carica papaya,Carica,Caricaceae
,DR066,"Daun pohpohan, segar",Pilea melastomoides,Pilea,Urticaceae
,DR067,"Daun selasih, segar",Ocimum basilicum,Ocimum,Lamiaceae
,DR068,"Daun semanggi, segar",Oxalis corniculata,Oxalis,Oxalidaceae
,DR069,"Daun simpur, segar",Dillenia indica,Dillenia,Dilleniaceae
,DR070,"Daun singkil, segar",Premna feotida,Premna,Lamiaceae
,DR071,"Daun singkong, segar",Manihot esculenta,Manihot,Euphorbiaceae
,DR072,"Daun singkong ambon, segar",Manihot esculenta,Manihot,Euphorbiaceae
,DR073,"Daun singkong ampenan, segar",Manihot esculenta,Manihot,Euphorbiaceae
,DR074,"Daun singkong kopang, segar",Manihot esculenta,Manihot,Euphorbiaceae
,DR075,"Daun sintrong, segar",Erechtites valerianaefolia,Erechtites,Compositae
,DR076,"Daun talas, segar",Colocasia esculenta,Colocasia,Araceae
,DR077,"Daun tespong, segar",Oenanthe javanica,Oenanthe,Umbelliferae
,DR078,"Daun ubi kuning, segar",Ipomoea batatas,Ipomoea,Convolvulaceae
,DR079,"Daun ubi merah, segar",Ipomoea batatas,Ipomoea,Convolvulaceae
,DR080,"Daun ubi putih, segar",Ipomoea batatas,Ipomoea,Convolvulaceae
,DR081,"Daun ubi tinta, segar",Ipomoea batatas,Ipomoea,Convolvulaceae
,DR082,"Eceng, segar",Limnocharis flava,Limnocharis,Alismataceae
,DR083,"Gambas (oyong), segar",Luffa acutangula,Luffa,Cucurbitaceae
,DR084,"Genjer, segar",Limnocharis flava,Limnocharis,Alismataceae
,DR085,"Jagung muda / semi, segar",Zea mays,Zea,Graminae
,DR086,Jamur encik,,,
,DR087,"Jamur kuping, kering",Auricularia auricula-judae,Auricularia,Auriculariaceae
,DR088,"Jamur kuping, segar",Auricularia auricula-judae,Auricularia,Auriculariaceae
,DR089,"Jamur merang, segar",Volvariella udaacea,Volvariella,Pluteaceae
,DR090,"Jamur tiram, segar",Pleuratus ostreatus,Pleuratus,Pluteaceae
,DR091,Jamur sagu,Volvariella volvacea,Volvariella,Pluteaceae
,DR092,"Jantung pisang, segar",Musa spp.,Musa,Musaceae
,DR093,"Jengkol, segar",Archidendron jiringa,Archidendron,Leguminosae
,DR094,"Jotang, segar",Spilanthes iabadicensis,Spilanthes,Compositae
,DR095,"Kabau, segar",Pithecellobium bubalinum,Pithecelebium,Leguminosae
,DR096,"Kacang mekah, polong, segar",Canavalis ensiformis DC.,Canavalia,Leguminosae
,DR097,"Kacang panjang, segar","Vigna unguiculata cv. group
Sesquipedalis",Vigna,Leguminosae
,DR098,Kacang ranti polong,,,
,DR099,"Kalakai, segar",,,
,DR100,"Kangkung, segar",Ipomoea aquatica,Ipomoea,Convolvulaceae
,DR101,Kangkung tondano,,,
,DR102,"Kapri muda, segar",Pisum sativum,Pisum,Leguminosae
,DR103,Karawila,,,
,DR104,"Kecipir muda, segar",Psophocarpus tetragonolobus,Psopocarpus,Leguminosae
,DR105,"Kecombrang, segar",Etlingera elatior,Etlingera,Zingiberaceae
,DR106,"Kelawi, kluwih, segar",Artocarpus altilis,Artocarpus,Moraceae
,DR107,"Kembang turi, segar",Sesbania grandiflora,Sesbania,Leguminosae
,DR108,"Kerokot, segar",Portulaca oleracea,Portulaca,Portulacaceae
,DR109,"Ketimun, segar",Cucumis sativus,Cucumis,Cucurbitaceae
,DR110,"Ketimun krai, segar",Cucumis melo forma melo,Cucumis,Cucurbitaceae
,DR111,"Ketimun madura, segar",Cucumis sativus,Cucumis,Cucurbitaceae
,DR112,"Komak, segar",Lablab purpureus,Lablab,Leguminosae
,DR113,Kool kembang,Brassica oleracea,Brassica,Cruciferae
,DR114,"Kool merah, kool putih","Brassica oleracea cv. groups White Headed Cabbage (putih)
Brassica oleracea cv. groups Red Headed Cabbage (merah)",Brassica,Cruciferae
,DR115,"Koro kerupuk, polong",Lablab purpureus,Lablab,Leguminosae
,DR116,"Koro wedus, polong",Lablab purpureus,Lablab,Leguminosae
,DR117,"Kucai, segar",Allium tuberosum,Allium,Amaryllidaceae
,DR118,"Kucai muda (Lokio), segar",Allium chinense,Allium,Amaryllidaceae
,DR119,Kulit melinjo,Gnetum gnemon,Gnetum,Gnetaceae
,DR120,"Kundur, segar",Benincasa pruriens forma hispida,Benincasa,Cucurbitaceae
,DR121,"Labu air, segar",Lagenaria siceraria,Lagenaria,Cucurbitaceae
,DR122,"Labu kuning, segar",Cucurbita moschata,Cucurbita,Cucurbitaceae
,DR123,"Labu siam, segar",Sechium edule,Sechium,Cucurbitaceae
,DR124,"Labu waluh, segar",Cucurbita moschata,Cucurbita,Cucurbitaceae
,DR125,"Lantar, segar",,,
,DR126,"Lobak, segar","Raphanus raphanistrum subsp.
sativus",Raphanus,Crusiferae
,DR127,"Lumai/Leunca, segar",Solanum americanum,Solanum,Solanaceae
,DR128,"Melinjo, segar",Gnetum gnemon,Gnetum,Gnetaceae
,DR129,Mostarda metan -sawi,Brassica Juncea,Brassica,Cruciferae
,DR130,"Nangka muda, segar",Artocarpus heterophyllus,Artocarpus,Moraceae
,DR131,"Paria putih, segar",Momordica charantia,Momordica,Cucurbitaceae
,DR132,"Pepare ular, segar","Trichosanthes cucumerina var.
anguina",Trichosanthes,Cucurbitaceae
,DR133,"Pepaya muda, segar",Carica papaya,Carica,Caricaceae
,DR134,"Petai, segar",Parkia speciosa,Parkia,Leguminosae
,DR135,"Peterseli, segar",Petroselinum crispum,Petroselinum,Umbelliferae
,DR136,"Pucuk lumai/daun leunca, segar",Solanum americanum,Solanum,Solanaceae
,DR137,"Putri malu, segar",Mimusa pudica,Mimusa,Leguminosae
,DR138,"Rebung, segar",Dendrocalamus asper,Dendrocalamus,Graminae
,DR139,"Rimbang, segar",Solanum torvum Swartz,Solanum,Solanaceae
,DR140,Rumput laut,Euchema sp. (merah) Sargassum sp. (coklat) Caulerpa sp. (hijau),Euchema (merah); Sargassum (coklat) Caulerpa (hijau),"Solieraciae (merah), Sargassaceae (coklat) Caulerpaceae (hijau)"
,DR141,"Sawi, segar",Brassica Juncea,Brassica,Cruciferae
,DR142,"Sawi putih / pecai, segar",Brassica rapa cv. group chinese Cabbage,Brassica,Cruciferae
,DR143,"Sawi taiwan, segar",,,
,DR144,"Sawi tanah, segar",Rorippa dubia,Roripa,Cruciferae
,DR145,"Selada, segar",Lactuca sativa,Lactuca,Compositae
,DR146,"Selada air, segar",Nasturtium officinale,Nastartium,Cruciferae
,DR147,"Seledri, segar",Apium graveolens,Apium,Umbelliferae
,DR148,"Taoge, segar",Vigna radiata,Vigna,Leguminosae
,DR149,"Taoge kacang kedelai, segar",Glycine max,Glysine,Leguminosae
,DR150,"Taoge kacang tunggak, segar",Vigna unguiculata,Vigna,Leguminosae
,DR151,"Tebu terubuk (lilin), segar",Saccharum spontaneum var. edulis,Saccharum,Graminae
,DR152,"Tekokak, segar",Solanum torvum,Solanum,Solanaceae
,DR153,"Tekokak, kering",Solanum torvum,Solanum,Solanaceae
,DR154,"Terong, segar",Solanum melongena,Solanum,Solanaceae
,DR155,"Terong asam, segar",Solanum quitoense,Solanum,Solanaceae
,DR156,"Terung belanda, segar",Cyphomandra betacea,Cyphomandra,Solanaceae
,DR157,"Terung bengkulu, segar",,,
,DR158,"Terong hintalo, segar",,,
,DR159,Terung panjang,Solanum melongena,Solanum,Solanaceae
,DR160,"Tomat, air (sari), segar",Lycopersicon esculentum,Lycopersicon,Solanaceae
,DR161,"Tomat merah, segar",Lycopersicon esculentum,Lycopersicon,Solanaceae
,DR162,"Tomat muda, segar",Lycopersicon esculentum,Lycopersicon,Solanaceae
,DR163,"Uceng/ bunga melinjo, segar",Gnetum gnemon,Gnetum,Gnetaceae
,DR164,"Umbut kelapa, segar",Cocos nucifera,cocos,Arecaceae
,DR165,Umbut rotan,"Daemonorops mogeana, Daemonorops macroptera",Daemonorops,Arecaceae
,DR166,"Wortel, segar",Daucus carota L.,Daucus,Umbelliferae
,ER001,"Alpukat, segar",Persea americana,Persea,Lauraceae
,ER002,"Anggur hutan, segar",,,
,ER003,"Apel malang, segar",Malus domestica,Malus,Rosaceae
,ER004,"Apel, segar",Malus domestica,Malus,Rosaceae
,ER005,"Arbai, segar",Rubus rosifolius,Rubus,Rosaceae
,ER006,"Belimbing, segar",Averrhoa carambola,Averrhoa,Oxalidaceae
,ER007,"Biwah, segar",Eriobotrya japonica,Eriobotrya,Rosaceae
,ER008,"Buah atung, segar",,,
,ER009,"Buah kelenting, segar",,,
,ER010,"Buah kom, segar",,,
,ER011,"Buah mentega (Bisbul), segar",Diospyros discolor,Diospyros,Ebenaceae
,ER012,"Buah Naga Merah, segar",Hyclocereus costaricensis,Hyclocereus,Cactaceae
,ER013,"Buah Naga Putih, segar",Hyclocereus undatus,Hyclocereus,Cactaceae
,ER014,"Buah negri, segar",Passiflora edulis,Passiflora,Passifloraceae
,ER015,"Buah nona, segar",Annona squamosa,Annona,Annonaceae
,ER016,"Buah rotan, segar",Eleiodoxa conferta,Eleidoxa,Araceae
,ER017,"Buah rukam, segar",Flacourtia rukam,Flacourtia,Flacourtiaceae
,ER018,"Buah ruruhi, segar",,,
,ER019,"Buah tuppa, segar",,,
,ER020,"Carica papaya, segar",Carica papaya,carica,Caricaceae
,ER021,"Cempedak, segar",Artocarpus integer,Artocarpus,Moraceae
,ER022,"Duku, segar",,,
,ER023,"Durian, segar",Durio zibethinus,Durio,Malvaceae
,ER024,"Duwet, segar",Syzygium cumini,Syzygium,Myrtaceae
,ER025,"Embacang, segar",Mangifera odorata,Mangifera,Anacardiaceae
,ER026,"Encung asam, segar",Solanum involucratum,Solanum,Solonaceae
,ER027,"Erbis, segar",Passiflora quadrangularis,Passiflora,Passifloraceae
,ER028,Gandaria masak,Bouea macrophylla,Bouea,Anacardiacea
,ER029,"Gatep, segar",Inocarpus fagifer,Inocarpus,Leguminosae
,ER030,"Jambu air, segar",Syzygium aqueum,Syzygium,Myrtaceae
,ER031,Jambu biji,Psidium guajava,Psidium,Myrtaceae
,ER032,Jambu bj putih tdk brbj,Psidium guajava,Psidium,Myrtaceae
,ER033,"Jambu bol, segar",Syzygium malaccensis,Fugenia,Myrtaceae
,ER034,"Jambu monyet, segar",Anacardium occidentale,Anacardium,Anacardiaceae
,ER035,"Jeruk bali, segar",Citrus maxima,Citrus,Rutaceae
,ER036,"Jeruk banjar, segar",Citrus reticulata blanco,Citrus,Rutaceae
,ER037,Jeruk garut-keprok,Citrus reticulata blanco,Citrus,Rutaceae
,ER038,"Jeruk Kalamansi, segar",Citrus x microcarpa,Citrus,Rutaceae
,ER039,"Jeruk manis, segar",Citrus sinensis,Citrus,Rutaceae
,ER040,"Jeruk nipis, segar",Citrus aurantifolia,Citrus,Rutaceae
,ER041,"Jeruk ragi, segar",,,
,ER042,"Kawista, segar",Limonia acidissima,Limonia,Rutaceae
,ER043,"Kedondong masak, segar",Spondias cytherea,Spondias,Anacardiaceae
,ER044,"Kedondong, segar",Spondias cytherea,Spondias,Anacardiaceae
,ER045,"Kelapa hutan, kering",,,
,ER046,"Kelapa muda, daging, segar",Cocos nucifera,Cocos,Arecaceae
,ER047,"Kemang, segar",Mangifera kemanga,Mangifera,Anacardiaceae
,ER048,"Kesemek, segar",Diospyros kaki,Diospyros,Ebenaceae
,ER049,"Kokosan, segar",Lansium domesticum,Lansium,Meliaceae
,ER050,"Kranji, segar",Pithecellobium,Pithecellobium,Leguminosae
,ER051,"Langsat, segar",Lansium domesticum,Lansium,Meliaceae
,ER052,"Lemon, segar",Citrus x  limon,Citrus,Rutaceae
,ER053,"Lontar, segar",Borassus fiabellifer,Borassus,Arecaceae
,ER054,"Mangga, segar",Mangifera indica,Mangifera,Anacardiaceae
,ER055,"Mangga benggala, segar",Mangifera indica,Mangifera,Anacardiaceae
,ER056,"Mangga gedung, segar",Mangifera indica,Mangifera,Anacardiaceae
,ER057,"Mangga golek, segar",Mangifera indica,Mangifera,Anacardiaceae
,ER058,"Mangga harumanis, segar",Mangifera indica,Mangifera,Anacardiaceae
,ER059,"Mangga indramayu, segar",Mangifera indica,Mangifera,Anacardiaceae
,ER060,"Mangga kopek, segar",Mangifera indica,Mangifera,Anacardiaceae
,ER061,"Mangga kwini, segar",Mangifera odorata,Mangifera,Anacardiaceae
,ER062,"Mangga manalagi, segar",Mangifera indica,Mangifera,Anacardiaceae
,ER063,"Mangga muda, segar",Mangifera indica,Mangifera,Anacardiaceae
,ER064,"Manggis, segar",Garcinia mangostana,Garcinia,Guttiferae
,ER065,"Markisa, segar",Passiflora quadrangularis,Passiflora,Passifloraceae
,ER066,"Matoa, segar",Pometia pinnata,Pometia,Sapindaceae
,ER067,"Melon, segar",Cucumis melo,Cucumis,Cucurbitaceae
,ER068,"Menteng, segar",Baccaurea racemosa,Baccaurea,Euphorbiaceae
,ER069,"Nanas palembang, segar",Ananas comosus,Ananas,Bromeliaceae
,ER070,"Nanas, segar",Ananas comosus,Ananas,Bromeliaceae
,ER071,"Nangka masak pohon, segar",Artocarpus heterophylus,artocarpus,Moraceae
,ER072,"Pala, daging, segar",Myristica fragrans Houtt.,Myristica,Myristicaceae
,ER073,"Pepaya, segar",Carica papaya,carica,Caricaceae
,ER074,"Pisang ambon, segar",Musa paradisiaca forma sapientum,Musa,Musaceae
,ER075,"Pisang angleng (pisang ampyang),
segar",Musa acuminata AAA,Musa,Musaceae
,ER076,"Pisang ayam, segar",Musa acuminata AA,Musa,Musaceae
,ER077,"Pisang gapi, segar",Musa acuminata AA,Musa,Musaceae
,ER078,"Pisang goroho, segar",Musa acuminata AAA,Musa,Musaceae
,ER079,"Pisang hijau, segar",Musa paradisiaca forma typica,Musa,Musaceae
,ER080,"Pisang kayu, segar",Musa × paradisiaca,Musa,Musaceae
,ER081,"Pisang kepok, segar",Musa paradisiaca forma typica,Musa,Musaceae
,ER082,"Pisang ketip, segar",Musa × paradisiaca ABB,Musa,Musaceae
,ER083,"Pisang kidang, segar",Musa paradisiaca forma sapientum,Musa,Musaceae
,ER084,"Pisang lampung, segar",Musa acuminata AAA,Musa,Musaceae
,ER085,"Pisang mas bali ampenan, segar",Musa acuminata AAA,Musa,Musaceae
,ER086,"Pisang mas bali kopang, segar",Musa acuminata AA,Musa,Musaceae
,ER087,"Pisang mas, segar",Musa acuminata AAA,Musa,Musaceae
,ER088,"Pisang raja sereh, segar",Musa × paradisiaca ABB,Musa,Musaceae
,ER089,"Pisang raja, segar",Musa × paradisiaca ABB,Musa,Musaceae
,ER090,"Pisang rotan, segar",Musa acuminata AA,Musa,Musaceae
,ER091,"Pisang talas, segar",Musa acuminata AA,Musa,Musaceae
,ER092,Pisang tujuh bulan,Musa acuminata AA,Musa,Musaceae
,ER093,"Pisang ua, segar",Musa acuminata AA,Musa,Musaceae
,ER094,"Pisang uli, segar",Musa × paradisiaca ABB,Musa,Musaceae
,ER095,"Purut, segar",Parartocarpus venenosus,Parartocarpus,Moraceae
,ER096,"Rambutan binjai, segar",Nephelium lappaceum,Nephelium,Sapindaceae
,ER097,"Rambutan, segar",Nephelium lappaceum,Nephelium,Sapindaceae
,ER098,"Salak bali, segar",Salacca zalacca,Salacca,Arecaceae
,ER099,"Salak medan, segar",Salacca sumatrana,Salacca,Arecaceae
,ER100,"Salak pondoh, segar",Salacca zalacca,Salacca,Arecaceae
,ER101,"Salak, segar",Salacca zalacca,Salacca,Arecaceae
,ER102,"Sawo duren, segar",Chrysophyllum cainito,Chrysophyllum,Sapotaceae
,ER103,"Sawo kecik, segar",Manilkara kauki,Manikara,Sapotaceae
,ER104,"Sawo Manila, segar",Manilkara zapota,Manikara,Sapotaceae
,ER105,"Semangka, segar",Citrullus lanatus,citrulus,Cucurbitaceae
,ER106,"Sirsak, segar",Annona muricata,Annona,Annonaceae
,ER107,"Sowa, segar",Gnetum gneman,Gnetum,Gnetaceae
,ER108,"Srikaya, segar",Annona squamosa,Annona,Annonaceae
,ER109,"Sukun muda, segar",Artocarpus altilis,Artocarpus,Moraceae
,ER110,"Sukun tua, segar",Artocarpus altilis,Artocarpus,Moraceae
,ER111,"Vigus, segar",,,
,ER112,"Wani, segar",Mangifera caesia,Mangifera,Anacardiacea
,FR001,"Anak sapi, daging, gemuk, segar",Bos javanicus,Bos,Bovidae
,FR002,"Anak sapi, daging, kurus, segar",Bos javanicus,Bos,Bovidae
,FR003,"Anak sapi, daging, sedang, segar",Bos javanicus,Bos,Bovidae
,FR004,"Angsa, daging, segar",Cygnus cygnus dom.,Cygnus,Anatidae
,FR005,"Ayam, daging, segar",Gallus gallus domesticus,Gallus,Phasianidae
,FR006,"Ayam, dideh/darah, segar",Gallus gallus domesticus,Gallus,Phasianidae
,FR007,"Ayam, hati, segar",Gallus domesticus,Gallus,Phasianidae
,FR008,"Babi, daging, gemuk, segar",Sus scrofa domesticus,Sus,Suidae
,FR009,"Babi, daging, kurus, segar",Sus scrofa domesticus,Sus,Suidae
,FR010,"Babi, ginjal, segar",Sus scrofa domesticus,Sus,Suidae
,FR011,"Babi, hati, segar",Sus scrofa domesticus,Sus,Suidae
,FR012,"Bebek (itik), daging, segar",Anas platyrhynchos domesticus,Anas,Anatidae
,FR013,"Bebek alabio, daging, segar",Anas platyrhynchos domesticus,Anas,Anatidae
,FR014,"Belibis, daging, segar",Dendrocygna arcuata,Dendrocygna,Anatidae
,FR015,"Burung, sarang, segar",,,
,FR016,"Domba, daging, gemuk, segar",Ovis aries,Ovis,Bovidae
,FR017,"Domba, daging, kurus, segar",Ovis aries,Ovis,Bovidae
,FR018,"Domba, ginjal, segar",Ovis aries,Ovis,Bovidae
,FR019,"Kambing, daging, segar",Capra hircus,Capra,Bovidae
,FR020,"Kelinci, daging, segar",lepus nigricollis,Lepus,Leporidae
,FR021,"Kerbau, daging, segar",Bubalus bubalis,Bubalus,Bovidae
,FR022,"Kuda, daging, segar",Equus caballus,Equus,Equidae
,FR023,"Sapi, babat, segar",Bos javanicus,Bos,Bovidae
,FR024,"Sapi, daging, gemuk, segar",Bos taurus,Bos,Bovidae
,FR025,"Sapi, daging, kurus, segar",Bos taurus,Bos,Bovidae
,FR026,"Sapi, daging, lemak sedang, segar",Bos taurus,Bos,Bovidae
,FR027,"Sapi, daleman, segar",Bos taurus,Bos,Bovidae
,FR028,"Sapi, dideh/darah",Bos taurus,Bos,Bovidae
,FR029,"Sapi, ginjal, segar",Bos taurus,Bos,Bovidae
,FR030,"Sapi, keleponan, segar",Bos taurus,Bos,Bovidae
,FR031,"Sapi, liver, segar",Bos taurus,Bos,Bovidae
,FR032,"Sapi, otak, segar",Bos taurus,Bos,Bovidae
,FR033,"Sapi, usus, segar",,,
,FR034,Ulat sagu segar,Rhynchophorus ferrugineus,Rhynchophorus,Curculionidae
,GR001,"Belut, segar",Monopterus albus,Monopterus,Synbranchidae
,GR002,"Belut, laut, segar",Macrotema caligans,Macrotema,Synbranchidae
,GR003,"Cumi-cumi, segar",Uroteuthis duvaucelii,Uroteuthis,Loligonidae
,GR004,"Ikan bader, segar",Barbonymus gonionotus,Barbonymus,Cyprinidae
,GR005,"Ikan balong, segar",,,
,GR006,"Ikan bambangan, segar",Lutjanus sanguineus,Lutjanus,Lutjanidae
,GR007,"Ikan bandeng, segar",Chanos chanos,Chanos,Chanidae
,GR008,"Ikan banjar, segar",,,
,GR009,"Ikan baronang, segar",Siganus lineatus,Siganus,Siganidae
,GR010,"Ikan batung, segar",Anguilla bicolor,Anguilla,Anguillidae
,GR011,"Ikan baung, segar",Hemibagrus nemurus,Hemibagrus,Bagridae
,GR012,"Ikan bawal, segar",Pampus argenteus,Pampus,Stromateidae
,GR013,"Ikan Belida, segar",Chitala hypselonotus,Chitala,Notopteridae
,GR014,"Ikan beunteur, segar",Barbodes binotatus,Barbodes,Cyprinidae
,GR015,"Ikan biawan, segar",Helostoma temmincki,Helostoma,Helostomatidae
,GR016,"Ikan bilih, segar",Mystacoleucus padangensis,Mystacoleucus,Cyprinidae
,GR017,"Ikan bubara, segar",,,
,GR018,"Ikan bulan-bulan, segar",Megalops cyprinoides,Megalops,Megalopidae
,GR019,"Ikan, cakalang, segar",Katsuwonus pelamis,Katsuwonus,Scombridae
,GR020,"Ikan cakalang, hati, segar",Katsuwonus pelamis,Katsuwonus,Scombridae
,GR021,"Ikan cakalang, jantung, segar",Katsuwonus pelamis,Katsuwonus,Scombridae
,GR022,"Ikan cakalang, perut, segar",Katsuwonus pelamis,Katsuwonus,Scombridae
,GR023,"Ikan daun, segar",Nandus mercatus,Nandus,Nandidae
,GR024,"Ikan ekor kuning, segar",Caesio spp.,Caesio,Caseionidae
,GR025,"Ikan gabus, segar",Channa striata,Channa,Channidae
,GR026,"Ikan heu, segar",,,
,GR027,"Ikan hitam, segar",Labeo chrysophekadion,Labeo,Cyprinidae
,GR028,"Ikan hiu, segar",Carcharhinus spp.,Carcharhinus,Carcharhinidae
,GR029,"Ikan kacangan, segar",,,
,GR030,"Ikan kakap, segar",,,
,GR031,"Ikan kakatua, segar",,,
,GR032,"Ikan kalaban, segar",Osteochilus melanopleura,Osteochilus,Cyprinidae
,GR033,"Ikan kamera (kakap merah), segar",,,
,GR034,"Ikan kapar, segar",Belontia hasselti,Belontia,Osphronemidae
,GR035,"Ikan kawalinya, segar",Rastrelliger kanagurta,Rastrelliger,Scombridae
,GR036,"Ikan keru-keru, segar",Pao leiurus,Pao,Tetraodontidae
,GR037,"Ikan kima, segar",Tridacna spp,Tridacna,Tridacnidae
,GR038,"Ikan lais, segar",Kryptopterus spp.,Kryptopterus,Siluridae
,GR039,"Ikan layang, segar",Decapterus russelli,Decapterus,Carangidae
,GR040,"Ikan layur, segar",Tichiurus leptorus,Tichiurus,Trichiuridae
,GR041,"Ikan lehoma, segar",Rastrelliger kanagurta,Rastrelliger,Scombridae
,GR042,"Ikan lemuru, segar",Sardinella lemuru,Sardinella,Clupeidae
,GR043,"Ikan lidah, segar",Cynoglossus spp.,Cynoglossus,Cynoglossidae
,GR044,"Ikan malalugis, segar",,,
,GR045,"Ikan mamar merah, segar",,,
,GR046,"Ikan mas, segar",Cyprinus carpio,Cyprinus,Cyprinidae
,GR047,"Ikan mayong, segar",,,
,GR048,"Ikan mujahir, segar",Oreochromis mossambicus,Oreochromis,Cichlidae
,GR049,"Ikan nasu metti, segar",,,
,GR050,"Ikan oci, kembung, segar",Rastrellliger kanagurta,Rastellliger,Scombridae
,GR051,"Ikan paling, segar",,,
,GR052,"Ikan papuyu/ betok, segar",Anabas testudineus,Anabas,Anabantidae
,GR053,"Ikan Patin, segar",Pangasianodon hypopthalmus,Pangasianodon,Pangassidae
,GR054,"Ikan pomo, segar",,,
,GR055,"Ikan Puntin, segar",Bagrichthys spp.,Bagrichthys,Bagridae
,GR056,"Ikan saluang, segar",Rasbora spp.,Rasbora,Cyprinidae
,GR057,"Ikan sarden, segar",Sardinella spp.,Sardinella,Clupeidae
,GR058,"Ikan selar, segar",Selaroides spp.,Selaroides,Carangidae
,GR059,"Ikan sepat, segar",Trichopodus pectoralis,Trichopodus,Belontiidae
,GR060,"Ikan sidat, segar",Anguilla bicolor,Anguilla,Anguillidae
,GR061,"Ikan sunu, segar",Plectopromus leopardus,Plectopromus,Serranidae
,GR062,"Ikan tahuman, segar",,,
,GR063,"Ikan tarmon, segar",,,
,GR064,"Ikan telan, segar",Mastacembelus unicolor,Mastacembelus,Mastacembelidae
,GR065,"Ikan tembang, segar",Ethmalosa fimbriata,Ethmalosa,Clupeidae
,GR066,"Ikan tempahas, segar",,,
,GR067,"Ikan terbang, segar",Cypselurus spp.,Cypselurus,Exocoetidae
,GR068,"Ikan teri, segar",Engraulis spp.,Engraulis,Engraullidae
,GR069,"Ikan titang, segar",Scathopagus argus,Scathopagus,Scatophagidae
,GR070,"Ikan tongkol, segar",Euthynnus affinis,Euthynnus,Scombridae
,GR071,"Ikan turi, segar",,,
,GR072,"Keong, segar",Pila ampullacea,Pila,Ampullariidae
,GR073,"Kepiting, segar",Scylla spp.,Scylla,Portunidae
,GR074,"Kerang, segar",,,
,GR075,"Kodok, segar",Fejervarya cancrivora,Fejervarya,Dicroglissidae
,GR076,"Kura-kura, segar",Cuora amboinensis,Cuora,Geomydidae
,GR077,"Kuro, segar",Polydactylusplebeius,Polydactylus,Polynemidae
,GR078,"Lokan, segar",,,
,GR079,"Rajungan, segar",,,
,GR080,"Rebon, udang kecil, segar",,,
,GR081,Rusip,,,
,GR082,"Udang galah, segar",Macrobrachium rosenbergii,Macrobrachium,Palaemonidae
,GR083,"Udang, besar, segar",Penaeus monodon,Penaeus,Penaidae
,GR084,"Udang, segar",Penaeus merguinensis,Penaeus,Penaidae
,GP002,Belut goreng,Monopterus albus,Monopterus,Synbranchidae
,GP003,Cumi-cumi goreng,Loligo indica,Loligo,Longinidae
,GP006,Ikan baung bakar,Hemibagrus nemurus,Hemibagrus,Bagridae
,GP007,Ikan Belida bakar,Chitala borneensis,Chitala,Notopteridae
,GP008,"Ikan cakalang asap, mentah",Katsuwonus pelamys,Katsuwonus,Scombridae
,GP009,"Ikan cakalang asin, mentah",Katsuwonus plelamys,Katsuwonus,Scombridae
,GP011,"Ikan Gabus asap, mentah",Channa striata,Channa,Channidae
,GP012,"Ikan Gabus, kering",Channa striata,Channa,Channidae
,GP014,"Ikan hiu, kering",Carcharinus falciformis,Carcharinus,Carcharhinidae
,GP015,"Ikan katombo, asin",Lethrinus spp.,Lethrinus,Lethrinidae
,GP026,"Ikan pepetek, mentah",Leiognathus spp.,Leiognathus,Leiognathidae
,GP032,"Ikan sale lais, mentah",Kryptopterus spp.,Kryptopterus,Siluridae
,GP033,"Ikan saluang, kering, mentah",Rasbora spp.,Rasbora spp.,Cyprinidae
,GP035,"Ikan selar kuning, cue, mentah",Seriolima nigrofasciata,Seriolina,Carangidae
,GP036,"Ikan selar, kering, mentah",Selaroides spp.,Selaroides,Carangidae
,GP037,"Ikan sepat, kering, mentah",Trichopodus pectoralis,Trichopodus,Belontiidae
,GP038,"Ikan sunu, asin, mentah",Plectopromus leopardus,Plectopromus,Serranidae
,GP042,"Ikan teri, kering, mentah",Engraulis spp.,Engraulis,Engraullidae
,GP055,"Betok wadi, masakan",Anabas testudineus,Anabas,Anabantidae
,HR001,"Telur ayam kampung, segar",Gallus gallus domesticus,Gallus,Phasianidae
,HR002,"Telur ayam ras, segar",Gallus gallus domesticus,Gallus,Phasianidae
,HR003,"Telur ayam ras, bagian kuning, segar",Gallus gallus domesticus,Gallus,Phasianidae
,HR004,"Telur aAyam ras, bagian putih, segar",Gallus gallus domesticus,Gallus,Phasianidae
,HR005,"Telur bebek alabio, segar",Anas platyrhynchos domesticus,Anas,Anatidae
,HR006,"Telur bebek, bagian kuning, segar",Anas platyrhynchos domesticus,Anas,Anatidae
,HR007,"Telur bebek, bagian putih, segar",Anas platyrhynchos domesticus,Anas,Anatidae
,HR008,"Telur bebek tambak, segar",Anas platyrhynchos domesticus,Anas,Anatidae
,HR009,"Telur burung maleo, segar",Macrocepalon maleo,Macrocepalon,Megapodiidae
,HR010,"Telur penyu, segar",Chelonia mydas,Chelonia,Cheloniidae
,HR011,"Telur burung puyuh, segar",Cotumix communis,Coturnix,Phasianidae
,HP002,"Bebek, telur, asin, mentah",Annas boschas domesticus,Anas,Anatidae
,HP004,"Ikan, telur, asin, mentah",Moolgarda seheli,Moolgarda,Mugilidae
,JR001,"Kepala susu - krim, segar",,,
,JR002,Susu ibu - ASI,,,
,JR003,"Susu kambing, segar",,,
,JR004,"Susu kerbau, segar",,,
,JR005,"Susu kuda, segar",,,
,JR006,"Susu sapi, segar",,,
,JP001,Es krim,,,
,JP002,Hangop,,,
,JP003,Keju,,,
,JP004,Kwark (Quark),,,
,JP005,"Susu asam untuk bayi, bubuk",,,
,JP006,Susu bubuk,,,
,JP007,Susu kental manis,,,
,JP008,Susu kental tak manis,,,
,JP009,"Susu skim, bubuk",,,
,JP010,"Susu skim, segar",,,
,JP011,"Yoghurt, segar",,,
,KR001,"Kelapa setengah tua, daging, segar",Cocos nucifera,Cocos,Arecaceae
,KR002,"Kelapa tua, daging, segar",Cocos nucifera,Cocos,Arecaceae
,KR003,Lemak babi (lard),,,
,KR004,Lemak babi (bacon),,,
,KR005,Lemak ikan,,,
,KR006,Lemak kerbau (lemak sapi),,,
,KR007,"Minyak hiu, hati",,,
,KR008,Minyak ikan,,,
,KR009,Minyak kacang tanah,Arachnis hypogaea,Arachnis,Leguminosae
,KR010,Minyak kedelai,Glycine max,Glycine,Leguminosae
,KR011,Minyak kelapa,Cocos nucifera,Cocos,Arecaceae
,KR012,Minyak kelapa sawit,Elaeis guineensis,Elaeis,Arecaceae
,KR013,Minyak wijen,Sesamum orientale,Sesamum,Pedaliaceae
,KR014,Minyak Zaitun,Olea europaea,Olea,Oleacea
,KP001,Margarin,,,
,KP002,Mentega,,,
,KP003,Santan (dengan air),Cocos nucifera,Cocos,Arecaceae
,KP004,Santan murni,Cocos nucifera,Cocos,Arecaceae
,MP001,"Coklat manis, batang",Theobroma cacao,Theobroma,Malvaceae
,MP002,"Coklat pahit, batang",Theobroma cacao,Theobroma,Malvaceae
,MP003,"Coklat susu, batang",Theobroma cacao,Theobroma,Malvaceae
,MP004,Coklat bubuk,Theobroma cacao,Theobroma,Malvaceae
,MP005,Gula aren,Arenga pinnata,Arenga,Arecaceae
,MP006,Gula kelapa,,,
,MP007,Gula putih,Saccharum offisinarum,Saccharum,Graminae
,MP008,"Jam, selai",,,
,MP009,Kopi bubuk instant,Coffea spp.,Coffea,Rubiaceae
,MP010,Madu,,,
,MP011,Markisa squash,,,
,MP012,"Markisa squash, BD",Passiflora edulis,Passiflora,Passifloraceae
,MP013,Melase,,,
,MP014,Sirup,,,
,MP015,Sirup pirous,,,
,MP016,Teh hijau daun kering,Camellia sinensis,Camellia,Theaceae
,MP017,Teh hitam daun kering,,,
,MP018,Teh melati daun kering,,,
,NR001,"Asam arang coklat, segar",,,
,NR002,"Asam arang merah, segar",Garcinia xanthochymus,Garcinia,"Guttiferae/
Clusiaceae"
,NR003,"Asan kandis, kering",Garcinia xanthochymus,Garcinia,"Guttiferae/
Clusiaceae"
,NR004,"Asam kandis, segar",Garcinia xanthochymus,Garcinia,"Guttiferae/
Clusiaceae"
,NR005,"Asam masak pohon, segar",Tamarindus indica,Tamarindus,Fabaceae
,NR006,"Asam payak, segar",Eleiodoxa conferta,Eleiodoxa,Arecaceae
,NR007,"Bawang merah, segar",Allium fistulosum,Allium,Amaryllidaceae
,NR008,"Bawang putih, segar",Allium sativum,Allium,Amaryllidaceae
,NR009,"Boros kunci, segar",Boesenbergia rotunda,Boesenbergia,Zingiberaceae
,NR010,"Boros laja (lengkuas), segar",Alpinia galanga,Alpinia,Zingiberaceae
,NR011,"Cabai gembor merah, segar",Capsicum pubescens,Capsicum,Solanaceae
,NR012,"Cabai hijau, segar",Capsicum annum,Capsicum,Solanaceae
,NR013,"Cabai merah, kering",Capsicum annum,Capsicum,Solanaceae
,NR014,"Cabai merah, segar",Capsicum annum,Capsicum,Solanaceae
,NR015,"Cabai rawit, segar",Capsicum frutescen,Capsicum,Solanaceae
,NR016,"Cengkeh, kering",Syzygium aromaticum,Syzygium,Myrtaceae
,NR017,"Daun salam, bubuk",Syzygium polyanthum,Syzygium,Myrtaceae
,NR018,"Jahe, segar",Zingiber afficinale,Zingiber,Zingiberaceae
,NR019,Kemiri,Aleurites maluccana,Aleurites,Euphobiaceae
,NR020,"Ketumbar, kering",Coriandrum sativum,Coriandrum,Apiaceae
,NR021,Kluwek,Pangium edule,Pangium,Achariaceae
,NR022,"Kunyit, segar",Curcuma longa,Curcuma,Zingiberaceae
,NR023,"Merica, kering",Piper nigrum,Piper,Piperaceae
,NR024,"Pala, biji, kering",Myristica fragrant,Myristica,Myristicaceae
,NP001,Balichong,,,
,NP002,Bekasam,,,
,NP003,Bekasang,,,
,NP004,Cuka,,,
,NP005,Kecap,Glycine max Glycine,Glycine,Leguminosae
,NP006,Petis ikan,,,
,NP007,Petis udang kering,,,
,NP008,Petis udang pasta,,,
,NP009,Saos tomat,,,
,NP010,Tempoya,Durio zibethinus,Durio,Malvaceae
,NP011,Terasi (udang),,,
,QR001,"Kelapa muda, air, segar",Cocos nucifera,Cocos,Arecaceae
